<?xml version="1.0" encoding="UTF-8"?>
<pmd version="4.2.2" timestamp="2011-12-18T19:55:02.788">
<file name="/Users/ernest/Documents/workspace/rendersnake-root/rendersnake/src/main/java/org/rendersnake/HtmlAttributes.java">
<violation beginline="9" endline="9" begincolumn="1" endcolumn="47" rule="UnusedImports" ruleset="Import Statement Rules" package="org.rendersnake" externalInfoUrl="http://pmd.sourceforge.net/rules/imports.html#UnusedImports" priority="4">
Avoid unused imports such as 'org.rendersnake.ext.servlet.FormHandler'
</violation>
</file>
<file name="/Users/ernest/Documents/workspace/rendersnake-root/rendersnake/src/main/java/org/rendersnake/ext/servlet/FormHandler.java">
<violation beginline="6" endline="6" begincolumn="1" endcolumn="54" rule="ImportFromSamePackage" ruleset="Import Statement Rules" package="org.rendersnake.ext.servlet" externalInfoUrl="http://pmd.sourceforge.net/rules/imports.html#ImportFromSamePackage" priority="3">
No need to import a type that lives in the same package
</violation>
</file>
<file name="/Users/ernest/Documents/workspace/rendersnake-root/rendersnake/src/main/java/org/rendersnake/ext/spring/HtmlCanvasArgumentResolver.java">
<violation beginline="7" endline="7" begincolumn="1" endcolumn="38" rule="UnusedImports" ruleset="Import Statement Rules" package="org.rendersnake.ext.spring" externalInfoUrl="http://pmd.sourceforge.net/rules/imports.html#UnusedImports" priority="4">
Avoid unused imports such as 'javax.servlet.http.HttpSession'
</violation>
</file>
<suppressedviolation filename="/Users/ernest/Documents/workspace/rendersnake-root/rendersnake/src/main/java/org/rendersnake/StringResource.java" suppressiontype="annotation" msg="Avoid empty catch blocks" usermsg=""/>
</pmd>